user_id,user_first_name,user_last_name,user_email,school_id,school_name,school_student_count
1,Zedekiah,Skule,zskule0@berkeley.edu,1,Wordtune,14
2,Ellen,Eddowis,eeddowis1@ft.com,2,Mynte,17
3,Shantee,Follos,sfollos2@elegantthemes.com,3,Leexo,1
4,Shelba,Annandale,sannandale3@tamu.edu,4,Flashpoint,87
5,Bianca,Brimblecomb,bbrimblecomb4@paginegialle.it,5,Kamba,87
6,Brade,Puleston,bpuleston5@mashable.com,6,Bubbletube,46
7,Joelie,Burberow,jburberow6@xrea.com,7,Gigaclub,65
8,Goldy,Bohike,gbohike7@vimeo.com,8,Browsebug,74
9,Batsheva,Canet,bcanet8@1688.com,9,Skimia,29
10,Bastian,Tummons,btummons9@eventbrite.com,10,Thoughtbeat,46
11,Mohandis,Dymick,mdymicka@taobao.com,11,Babbleset,87
12,Archibald,Tuhy,atuhyb@github.com,12,Youfeed,13
13,Maryann,Houliston,mhoulistonc@vimeo.com,13,Yombu,98
14,Camilla,Manchester,cmanchesterd@topsy.com,14,Oyoba,82
15,Lamont,Rudgard,lrudgarde@google.com.au,15,Feedbug,65
16,Ellary,Toma,etomaf@deviantart.com,16,Mymm,53
17,Minnie,Linsay,mlinsayg@studiopress.com,17,Avavee,34
18,Revkah,Le Marchand,rlemarchandh@pagesperso-orange.fr,18,Twitterbeat,57
19,Leanor,Demelt,ldemelti@cam.ac.uk,19,Jatri,2
20,Bennett,Levet,blevetj@storify.com,20,Buzzster,44
21,Francklyn,Sambells,fsambellsk@pinterest.com,21,Browsebug,49
22,Krisha,Riddiough,kriddioughl@is.gd,22,Demizz,75
23,Giffer,Puckham,gpuckhamm@last.fm,23,Topiclounge,80
24,Jedd,Phizackarley,jphizackarleyn@mail.ru,24,Quaxo,95
25,Cloe,Kubatsch,ckubatscho@bandcamp.com,25,Flashset,72
26,Bary,Durran,bdurranp@marketwatch.com,26,Vidoo,22
27,Brennan,Barney,bbarneyq@microsoft.com,27,Cogibox,50
28,Meggi,Vargas,mvargasr@technorati.com,28,Edgeclub,50
29,Harold,Shurrocks,hshurrockss@technorati.com,29,Demimbu,33
30,Amye,McKeighan,amckeighant@bizjournals.com,30,Tazzy,3
31,Elise,Nehlsen,enehlsenu@scientificamerican.com,31,Yacero,38
32,Bess,McCrisken,bmccriskenv@omniture.com,32,Fiveclub,14
33,Rabi,Simoes,rsimoesw@discuz.net,33,Talane,61
34,Russell,Pardi,rpardix@google.cn,34,Realcube,31
35,Glynis,Sarfati,gsarfatiy@liveinternet.ru,35,Flashspan,97
36,Pattie,Cowie,pcowiez@alexa.com,36,Quimba,2
37,Martyn,Elsegood,melsegood10@liveinternet.ru,37,Devify,40
38,Clareta,Dwire,cdwire11@ca.gov,38,Pixope,12
39,Babs,Croxton,bcroxton12@craigslist.org,39,Quatz,89
40,Dexter,Scottesmoor,dscottesmoor13@lulu.com,40,Linktype,91
41,Rosella,Gianotti,rgianotti14@4shared.com,41,Voonder,30
42,Monte,Dabling,mdabling15@goo.gl,42,Livepath,73
43,Tedmund,Green,tgreen16@ca.gov,43,Topiclounge,81
44,Constantin,Elsey,celsey17@simplemachines.org,44,Quire,2
45,Gilli,Hinnerk,ghinnerk18@mlb.com,45,Viva,71
46,Marci,Fuster,mfuster19@about.me,46,Youspan,96
47,Christy,Cromb,ccromb1a@webeden.co.uk,47,Tagpad,10
48,Willey,Sherbrook,wsherbrook1b@seattletimes.com,48,Aimbo,63
49,Samaria,Sproat,ssproat1c@cnbc.com,49,Topicstorm,44
50,Mildrid,Randles,mrandles1d@biglobe.ne.jp,50,Realcube,46
51,Johnath,Mussalli,jmussalli1e@earthlink.net,51,Wordware,22
52,Welsh,Ortell,wortell1f@hexun.com,52,Photobug,99
53,Jonathon,Butchart,jbutchart1g@slate.com,53,Yabox,47
54,Rudolf,Feldheim,rfeldheim1h@whitehouse.gov,54,Talane,98
55,Cosme,Sterzaker,csterzaker1i@meetup.com,55,Viva,87
56,Becky,Arnaudon,barnaudon1j@alexa.com,56,Fivechat,64
57,Jasmin,Wrotham,jwrotham1k@goo.gl,57,Snaptags,40
58,Niall,Deviney,ndeviney1l@amazon.com,58,Devify,9
59,Babbie,Creffeild,bcreffeild1m@nih.gov,59,Tavu,27
60,Brennen,Filkin,bfilkin1n@eventbrite.com,60,Mudo,75
61,Moyra,Van Arsdall,mvanarsdall1o@privacy.gov.au,61,Meevee,73
62,Katharyn,Rhodes,krhodes1p@woothemes.com,62,Cogidoo,41
63,Melitta,Vaines,mvaines1q@ycombinator.com,63,Avamm,11
64,Federica,Coupe,fcoupe1r@sohu.com,64,Browsebug,38
65,Bartolemo,Hentze,bhentze1s@whitehouse.gov,65,Ooba,44
66,Nonnah,Iskowicz,niskowicz1t@addtoany.com,66,Devpulse,69
67,Guglielma,Steutly,gsteutly1u@usda.gov,67,Kazio,84
68,Teodoro,Coughan,tcoughan1v@rediff.com,68,Thoughtbridge,42
69,Emanuele,MacMenamie,emacmenamie1w@tripadvisor.com,69,Oyonder,86
70,Ruthie,Delacourt,rdelacourt1x@issuu.com,70,Skippad,12
71,Dayna,Craske,dcraske1y@purevolume.com,71,Oloo,6
72,Vince,Ashcroft,vashcroft1z@goodreads.com,72,Fivespan,42
73,Maurita,Crighton,mcrighton20@blinklist.com,73,Shufflebeat,89
74,Ignacius,Rennard,irennard21@netscape.com,74,Wordtune,40
75,Kingsly,Gethin,kgethin22@businesswire.com,75,Kamba,33
76,Lorens,Winterflood,lwinterflood23@scientificamerican.com,76,Skilith,58
77,Essy,Overington,eoverington24@umich.edu,77,Riffpath,13
78,Denny,Tincey,dtincey25@nature.com,78,Voomm,51
79,Dasya,Sherborn,dsherborn26@baidu.com,79,Edgeclub,31
80,Emmey,Eddins,eeddins27@reverbnation.com,80,Skyble,73
81,Say,Mothersdale,smothersdale28@dot.gov,81,Feedbug,56
82,Dallon,Stranks,dstranks29@amazon.co.uk,82,Zooxo,48
83,Binky,Borg,bborg2a@ebay.co.uk,83,Gabtype,58
84,Amil,Scrivener,ascrivener2b@hp.com,84,Avamm,77
85,Ninette,Byng,nbyng2c@wiley.com,85,Quimm,73
86,Kit,Kedslie,kkedslie2d@skype.com,86,Babbleopia,33
87,Jaquenette,Peabody,jpeabody2e@techcrunch.com,87,Fanoodle,48
88,Wye,Douce,wdouce2f@google.co.jp,88,Meezzy,86
89,Cassaundra,Teliga,cteliga2g@free.fr,89,Brainbox,60
90,Corly,Pashe,cpashe2h@china.com.cn,90,Yambee,45
91,Sallee,Georgievski,sgeorgievski2i@nsw.gov.au,91,Aibox,2
92,Linea,Kynforth,lkynforth2j@virginia.edu,92,Yotz,97
93,Jerad,Chaster,jchaster2k@storify.com,93,Devify,45
94,Luelle,deKnevet,ldeknevet2l@examiner.com,94,Skyble,17
95,Carmita,Coslett,ccoslett2m@lulu.com,95,Gabcube,6
96,Nadiya,Ballsdon,nballsdon2n@ibm.com,96,Thoughtbridge,78
97,Tate,Palia,tpalia2o@go.com,97,Lazzy,33
98,Gerti,Fallis,gfallis2p@microsoft.com,98,Brainverse,85
99,Faber,Gammill,fgammill2q@ask.com,99,Meetz,93
100,Gordon,Cremin,gcremin2r@wisc.edu,100,Dabjam,50
101,Arlena,Goddert.sf,agoddertsf2s@java.com,101,Livetube,91
102,Elisha,Thomassen,ethomassen2t@who.int,102,Myworks,90
103,Jessamyn,Monkhouse,jmonkhouse2u@clickbank.net,103,Quaxo,47
104,Arne,Vogl,avogl2v@360.cn,104,Quimm,62
105,Iorgo,Hierro,ihierro2w@163.com,105,Jatri,78
106,Basile,Yushankin,byushankin2x@skyrock.com,106,Jaxbean,26
107,Mile,Seedman,mseedman2y@domainmarket.com,107,Jabbertype,67
108,Ron,Torricina,rtorricina2z@alibaba.com,108,Jabbertype,19
109,Deck,Goodwins,dgoodwins30@mail.ru,109,Edgeclub,5
110,Cleavland,Lesurf,clesurf31@google.ru,110,Twimbo,2
111,Jackelyn,Drust,jdrust32@flavors.me,111,Quire,31
112,Patricio,Waber,pwaber33@zimbio.com,112,Vipe,65
113,Madelin,Bretelle,mbretelle34@wisc.edu,113,Jetwire,98
114,Filip,Halse,fhalse35@who.int,114,Kwilith,3
115,Moise,O'Cosgra,mocosgra36@uol.com.br,115,Trupe,31
116,Kirsten,Endrighi,kendrighi37@google.it,116,Divavu,87
117,Pollyanna,Seegar,pseegar38@ted.com,117,Plajo,34
118,Jo,Seaborne,jseaborne39@msu.edu,118,Demizz,42
119,Jennette,Barizeret,jbarizeret3a@yellowbook.com,119,Camido,79
120,Clywd,Mark,cmark3b@ucoz.com,120,Topicstorm,59
121,Zacharias,Boame,zboame3c@blinklist.com,121,Zoombeat,58
122,Fleming,Kingerby,fkingerby3d@harvard.edu,122,Photojam,88
123,Siward,Emblen,semblen3e@dell.com,123,Meevee,63
124,Benedicto,Wallbrook,bwallbrook3f@walmart.com,124,Youtags,40
125,Randie,Yggo,ryggo3g@theglobeandmail.com,125,Rhycero,26
126,Ugo,MacCauley,umaccauley3h@free.fr,126,Eadel,23
127,Rolland,Dwyer,rdwyer3i@youtu.be,127,Tagchat,51
128,Iormina,Bamborough,ibamborough3j@weather.com,128,Janyx,32
129,Melly,Waymont,mwaymont3k@blogtalkradio.com,129,Zoozzy,86
130,Percival,Clue,pclue3l@pagesperso-orange.fr,130,Thoughtworks,46
131,Christian,Sibson,csibson3m@merriam-webster.com,131,Roombo,60
132,Bond,Mowen,bmowen3n@myspace.com,132,Skidoo,22
133,Michaeline,Fitzsimons,mfitzsimons3o@jimdo.com,133,Tagopia,4
134,Sonia,Barcke,sbarcke3p@drupal.org,134,Edgepulse,31
135,Mal,Rowcastle,mrowcastle3q@omniture.com,135,Trilith,82
136,Rutledge,Stennes,rstennes3r@nymag.com,136,Linklinks,5
137,Bebe,Sumshon,bsumshon3s@uol.com.br,137,Flashset,7
138,Jacobo,London,jlondon3t@uol.com.br,138,Babblestorm,62
139,Stacy,Haighton,shaighton3u@marriott.com,139,BlogXS,24
140,Marylee,Koppeck,mkoppeck3v@mysql.com,140,Skilith,52
141,Leonard,Ricardot,lricardot3w@istockphoto.com,141,Twinte,70
142,Vale,Toplin,vtoplin3x@trellian.com,142,Skipstorm,4
143,Bennett,Hudspeth,bhudspeth3y@4shared.com,143,Jayo,4
144,Brit,Cowpertwait,bcowpertwait3z@indiegogo.com,144,Jabbersphere,82
145,Jaime,Milligan,jmilligan40@bloglines.com,145,Gigashots,64
146,Sherie,Warboy,swarboy41@merriam-webster.com,146,Kwimbee,64
147,Shannon,Steed,ssteed42@apple.com,147,Centizu,46
148,Taddeusz,Golborne,tgolborne43@wsj.com,148,Topicstorm,67
149,Rock,Lippitt,rlippitt44@booking.com,149,Linktype,6
150,Wynny,Merington,wmerington45@techcrunch.com,150,Livetube,59
151,Ava,Sempill,asempill46@usnews.com,151,Demivee,79
152,Carolee,Normavell,cnormavell47@hc360.com,152,Oyoloo,4
153,Nilson,Cherrett,ncherrett48@hexun.com,153,Skipfire,68
154,Mariquilla,Juszkiewicz,mjuszkiewicz49@washingtonpost.com,154,Mynte,55
155,Chauncey,Meritt,cmeritt4a@cbsnews.com,155,Feedspan,4
156,Erasmus,Stihl,estihl4b@cloudflare.com,156,Topiczoom,9
157,Blakelee,Deighton,bdeighton4c@shinystat.com,157,Centimia,86
158,Booth,Eckh,beckh4d@vistaprint.com,158,Eire,1
159,Adaline,Heinig,aheinig4e@shop-pro.jp,159,Voomm,22
160,Dolores,Prodrick,dprodrick4f@macromedia.com,160,Twimbo,73
161,Alene,Atherton,aatherton4g@opera.com,161,Dabvine,3
162,Melony,Mathevon,mmathevon4h@google.com.au,162,Jayo,24
163,Lawry,Huc,lhuc4i@prweb.com,163,Yodel,51
164,Aluin,Cocher,acocher4j@house.gov,164,Realpoint,36
165,Alex,Suffe,asuffe4k@altervista.org,165,Rhyzio,11
166,Clarabelle,Boliver,cboliver4l@nbcnews.com,166,Devshare,82
167,Sterling,Hales,shales4m@blinklist.com,167,Quatz,30
168,Meris,Fagg,mfagg4n@seesaa.net,168,Digitube,19
169,Meredithe,Gorner,mgorner4o@ow.ly,169,Jabberbean,78
170,Elbertine,Velareal,evelareal4p@bloglines.com,170,Demimbu,70
171,Rourke,Tesdale,rtesdale4q@blinklist.com,171,Twitterbridge,22
172,Garfield,Congreve,gcongreve4r@microsoft.com,172,Thoughtsphere,70
173,Jilly,Jodkowski,jjodkowski4s@dyndns.org,173,Twitterlist,53
174,Agnola,Loude,aloude4t@auda.org.au,174,Leenti,45
175,Adore,Mortell,amortell4u@google.com.au,175,Centizu,65
176,Raven,Sucre,rsucre4v@google.com.br,176,Meevee,1
177,Gregor,Hemshall,ghemshall4w@e-recht24.de,177,Ozu,82
178,Thalia,Glassman,tglassman4x@thetimes.co.uk,178,Meejo,71
179,Maris,Bernhart,mbernhart4y@issuu.com,179,Bubbletube,92
180,Dalton,Braven,dbraven4z@e-recht24.de,180,Twinder,86
181,Ketty,Crawley,kcrawley50@seesaa.net,181,Livetube,24
182,Halette,Ilett,hilett51@patch.com,182,Babbleblab,77
183,Ricky,Brookz,rbrookz52@edublogs.org,183,Oloo,9
184,Chev,Pidduck,cpidduck53@wikimedia.org,184,Kimia,59
185,Nat,Dockray,ndockray54@mac.com,185,Gigazoom,17
186,Roldan,Payfoot,rpayfoot55@auda.org.au,186,Jazzy,35
187,Gardy,Puckring,gpuckring56@ustream.tv,187,Mita,70
188,Quincey,Antonescu,qantonescu57@gizmodo.com,188,Livefish,90
189,Ninette,Fahey,nfahey58@tripod.com,189,Ailane,16
190,Bord,Bleeze,bbleeze59@ow.ly,190,Skajo,96
191,Rayner,Rosettini,rrosettini5a@usnews.com,191,Devbug,85
192,Gracia,Royl,groyl5b@ovh.net,192,Gabtype,34
193,Cymbre,Southan,csouthan5c@hexun.com,193,Buzzshare,93
194,Bartholemy,Maudson,bmaudson5d@jimdo.com,194,Devpulse,69
195,Alano,Lead,alead5e@webs.com,195,Dazzlesphere,16
196,Pierrette,de Bullion,pdebullion5f@usda.gov,196,Lajo,30
197,Beryl,Curdell,bcurdell5g@sogou.com,197,Skinder,39
198,Cchaddie,Percifer,cpercifer5h@devhub.com,198,Katz,65
199,Tallia,Hansod,thansod5i@tripadvisor.com,199,Thoughtsphere,66
200,Lurette,Anwyl,lanwyl5j@nasa.gov,200,Meemm,46
201,Ilaire,McPhilemy,imcphilemy5k@linkedin.com,201,Topiczoom,95
202,Dario,Yell,dyell5l@bing.com,202,Zooxo,65
203,Quint,Gainforth,qgainforth5m@yelp.com,203,Thoughtbridge,64
204,Pattie,Dilworth,pdilworth5n@jugem.jp,204,Flashset,45
205,Amber,Goodison,agoodison5o@archive.org,205,Yoveo,7
206,Peta,Acosta,pacosta5p@google.es,206,Realpoint,94
207,Dougy,Leving,dleving5q@g.co,207,Devcast,12
208,Karrah,Akred,kakred5r@marketwatch.com,208,Eadel,16
209,Burtie,Lorence,blorence5s@livejournal.com,209,Dablist,86
210,Ashton,Godmar,agodmar5t@storify.com,210,Yombu,4
211,Mindy,Pett,mpett5u@oakley.com,211,Jamia,80
212,Nettle,Beardmore,nbeardmore5v@angelfire.com,212,Skyvu,2
213,Arthur,Cleminshaw,acleminshaw5w@va.gov,213,Linkbridge,89
214,Nan,Bottelstone,nbottelstone5x@npr.org,214,Brainbox,81
215,Miguela,Natt,mnatt5y@wunderground.com,215,Ozu,14
216,Adeline,Vossgen,avossgen5z@technorati.com,216,Browsezoom,3
217,Zak,Hartley,zhartley60@mail.ru,217,Riffpedia,51
218,Diarmid,Smedmoor,dsmedmoor61@soundcloud.com,218,Jetpulse,27
219,Rourke,Chetwynd,rchetwynd62@gmpg.org,219,Realfire,65
220,Nanice,Petracchi,npetracchi63@dagondesign.com,220,Gigabox,92
221,Costanza,Sneesby,csneesby64@mozilla.com,221,Jayo,64
222,Shem,Paulon,spaulon65@hp.com,222,Realmix,47
223,Layne,McGillicuddy,lmcgillicuddy66@sitemeter.com,223,Yata,64
224,Iona,Pomfrey,ipomfrey67@histats.com,224,Cogidoo,58
225,Aleen,Lucy,alucy68@cam.ac.uk,225,Fivebridge,68
226,Debbie,Stickings,dstickings69@squarespace.com,226,Feednation,37
227,Jody,Poad,jpoad6a@usa.gov,227,Twitterwire,36
228,Montague,Macellar,mmacellar6b@over-blog.com,228,Myworks,86
229,Shirline,Burtenshaw,sburtenshaw6c@joomla.org,229,Bluejam,2
230,Chrisse,Ortelt,cortelt6d@hhs.gov,230,Browsedrive,10
231,Cullan,Greenham,cgreenham6e@scientificamerican.com,231,Thoughtworks,16
232,Gerhardt,Force,gforce6f@facebook.com,232,Rhyzio,21
233,Guglielmo,Collis,gcollis6g@comsenz.com,233,Eazzy,68
234,Dorey,Sergant,dsergant6h@multiply.com,234,Dynabox,64
235,Pammie,Cominello,pcominello6i@cdc.gov,235,Yacero,50
236,Ed,Farreil,efarreil6j@un.org,236,Eamia,15
237,Ronna,Staniford,rstaniford6k@ucoz.ru,237,Zava,11
238,Lorilee,Rowsel,lrowsel6l@tripod.com,238,Brainsphere,85
239,Eran,O'Fogarty,eofogarty6m@admin.ch,239,Jaxworks,5
240,Elihu,Storie,estorie6n@arizona.edu,240,Mynte,77
241,Cayla,Aves,caves6o@statcounter.com,241,Tagopia,100
242,Yuma,Maffeo,ymaffeo6p@usgs.gov,242,Oyondu,45
243,Mic,Asty,masty6q@linkedin.com,243,Edgepulse,75
244,Barnie,Grishukov,bgrishukov6r@is.gd,244,Oodoo,70
245,Teressa,Mowsdale,tmowsdale6s@intel.com,245,Centimia,69
246,Bryon,Sullly,bsullly6t@businessweek.com,246,Demivee,69
247,Ronald,Dunsmore,rdunsmore6u@free.fr,247,InnoZ,60
248,Wilbur,Keig,wkeig6v@toplist.cz,248,Mycat,29
249,D'arcy,Denacamp,ddenacamp6w@linkedin.com,249,Yozio,50
250,Jorie,Balfe,jbalfe6x@nationalgeographic.com,250,Oyope,1
251,Ailey,Echallie,aechallie6y@dyndns.org,251,Dazzlesphere,9
252,Hebert,Ber,hber6z@thetimes.co.uk,252,Twinder,99
253,Leonanie,Picheford,lpicheford70@pcworld.com,253,Gabspot,47
254,Rem,Mynard,rmynard71@altervista.org,254,Demivee,29
255,Liza,Woodes,lwoodes72@homestead.com,255,Eidel,32
256,Kassi,Tonry,ktonry73@unesco.org,256,Meembee,2
257,Marie-jeanne,Scargill,mscargill74@cdc.gov,257,Youspan,51
258,Elise,Flanigan,eflanigan75@photobucket.com,258,Youfeed,7
259,Micky,Lambertson,mlambertson76@weibo.com,259,Tagtune,88
260,Imelda,Waterfall,iwaterfall77@wikipedia.org,260,Photojam,12
261,Dulcinea,Melsom,dmelsom78@weebly.com,261,Topiclounge,50
262,Ivar,Slimmon,islimmon79@abc.net.au,262,Linkbuzz,35
263,Fredrika,Spadotto,fspadotto7a@nps.gov,263,Topdrive,63
264,Ivar,Acuna,iacuna7b@woothemes.com,264,Brainbox,3
265,Inglis,Bigby,ibigby7c@ehow.com,265,Buzzdog,42
266,Gweneth,Firidolfi,gfiridolfi7d@cocolog-nifty.com,266,Kwideo,91
267,Gardener,Whiteside,gwhiteside7e@weibo.com,267,Roombo,10
268,Virginie,Girdwood,vgirdwood7f@toplist.cz,268,Wikivu,60
269,Say,Fazackerley,sfazackerley7g@digg.com,269,Trudeo,57
270,Fredrick,Houlison,fhoulison7h@utexas.edu,270,Wikizz,43
271,Deirdre,Horsted,dhorsted7i@reverbnation.com,271,Youopia,87
272,Corina,Lockyear,clockyear7j@who.int,272,Rhynyx,64
273,Blaine,Sidebotham,bsidebotham7k@vk.com,273,Dynabox,59
274,Lukas,Libero,llibero7l@salon.com,274,Realcube,14
275,Miran,Petel,mpetel7m@skype.com,275,Myworks,88
276,Annmaria,O' Molan,aomolan7n@a8.net,276,Flashspan,51
277,Faythe,Kiebes,fkiebes7o@foxnews.com,277,Oodoo,63
278,Goddard,Maharey,gmaharey7p@apache.org,278,Wikizz,25
279,Inez,Gillford,igillford7q@nasa.gov,279,Photobean,72
280,Wandie,Dumberrill,wdumberrill7r@ovh.net,280,Tagchat,45
281,Malanie,Server,mserver7s@sakura.ne.jp,281,Roomm,9
282,Payton,Turton,pturton7t@springer.com,282,Voonix,35
283,Harv,Hollyland,hhollyland7u@pbs.org,283,Jaxbean,5
284,Idelle,Franklin,ifranklin7v@dailymail.co.uk,284,Twitterlist,81
285,Tybalt,Burgis,tburgis7w@aboutads.info,285,Dynabox,78
286,Brear,Charlot,bcharlot7x@over-blog.com,286,Zoozzy,71
287,Jacki,Zanicchelli,jzanicchelli7y@usnews.com,287,Jayo,72
288,Timmie,Cunde,tcunde7z@plala.or.jp,288,Mycat,35
289,Britt,Mussotti,bmussotti80@prweb.com,289,Topiclounge,46
290,Gracia,Gilston,ggilston81@oaic.gov.au,290,Skyba,40
291,Waylin,Klos,wklos82@gravatar.com,291,Twitterwire,71
292,Bernadette,Paulmann,bpaulmann83@gizmodo.com,292,Vinder,18
293,Florella,Lilloe,flilloe84@mlb.com,293,Photofeed,77
294,Zechariah,Tranmer,ztranmer85@webeden.co.uk,294,Skajo,40
295,Codi,Darracott,cdarracott86@ovh.net,295,Twinder,64
296,Tris,Kimberly,tkimberly87@scribd.com,296,Midel,47
297,Lane,Klich,lklich88@nih.gov,297,Youfeed,82
298,Gilles,Tourville,gtourville89@youtube.com,298,Youopia,65
299,Verla,Godby,vgodby8a@harvard.edu,299,Blognation,16
300,Newton,Burkin,nburkin8b@360.cn,300,Gabvine,2
301,Cyndia,Farrington,cfarrington8c@epa.gov,301,Reallinks,2
302,Gates,Paull,gpaull8d@so-net.ne.jp,302,Linkbuzz,90
303,Rupert,Edgerly,redgerly8e@illinois.edu,303,Rhycero,44
304,Stanislaus,Roger,sroger8f@myspace.com,304,Skynoodle,98
305,Stan,Pendergast,spendergast8g@istockphoto.com,305,Geba,77
306,Hyacintha,Zanioletti,hzanioletti8h@163.com,306,Yoveo,66
307,Dasi,Wibberley,dwibberley8i@ucoz.com,307,Photobean,56
308,Birk,Rego,brego8j@discovery.com,308,Tagfeed,54
309,Findlay,Cornfield,fcornfield8k@mtv.com,309,Wordware,35
310,Winnie,Breckwell,wbreckwell8l@domainmarket.com,310,Yotz,14
311,Mace,Mantle,mmantle8m@omniture.com,311,Eire,38
312,Kimball,Bellord,kbellord8n@guardian.co.uk,312,Jamia,8
313,Jaymee,Boncoeur,jboncoeur8o@instagram.com,313,Meevee,11
314,Jo,Woolfenden,jwoolfenden8p@chron.com,314,Avamba,54
315,Kacy,McEwan,kmcewan8q@thetimes.co.uk,315,Twiyo,47
316,Addi,Duckerin,aduckerin8r@skype.com,316,Snaptags,85
317,Trisha,Cossum,tcossum8s@trellian.com,317,Quaxo,31
318,Fowler,Wigfall,fwigfall8t@un.org,318,Yamia,25
319,Willis,Nieass,wnieass8u@japanpost.jp,319,Yakitri,55
320,Editha,Bowcock,ebowcock8v@weibo.com,320,Realfire,50
321,Danyelle,Akid,dakid8w@spiegel.de,321,Realcube,6
322,Laraine,Philpot,lphilpot8x@nps.gov,322,Zoombox,98
323,Hi,Lemonby,hlemonby8y@shutterfly.com,323,Brightdog,69
324,Vickie,Wrightem,vwrightem8z@prnewswire.com,324,Skimia,6
325,Celeste,Kingzet,ckingzet90@wikipedia.org,325,Skipstorm,71
326,Ramsey,Dalyiel,rdalyiel91@indiatimes.com,326,Omba,72
327,Davidson,Whitford,dwhitford92@godaddy.com,327,Rhybox,92
328,Paloma,Skeels,pskeels93@ehow.com,328,Tagopia,3
329,Hillary,O'Breen,hobreen94@cbslocal.com,329,Blogpad,96
330,Audrey,Zimmer,azimmer95@qq.com,330,Pixonyx,88
331,Lennie,Grewcock,lgrewcock96@utexas.edu,331,Ooba,20
332,Madel,Tesyro,mtesyro97@google.com.br,332,Agivu,68
333,Syman,Wingfield,swingfield98@sina.com.cn,333,Linkbuzz,52
334,Kalina,Perett,kperett99@ycombinator.com,334,Mycat,69
335,Perla,Heugh,pheugh9a@pen.io,335,Gigabox,39
336,Vite,Bravery,vbravery9b@amazon.com,336,Jayo,36
337,Georas,Grieve,ggrieve9c@wikipedia.org,337,Twitterbeat,42
338,Lily,Gyver,lgyver9d@de.vu,338,Thoughtstorm,92
339,Devina,Germaine,dgermaine9e@vk.com,339,Linktype,55
340,Moises,Matula,mmatula9f@hubpages.com,340,Eayo,8
341,Marjorie,Goldsmith,mgoldsmith9g@delicious.com,341,Gigashots,10
342,Barth,Tottman,btottman9h@e-recht24.de,342,Zoombox,65
343,Caitlin,Loche,cloche9i@cisco.com,343,Thoughtmix,28
344,Grace,Radmer,gradmer9j@diigo.com,344,Blogspan,3
345,Danyelle,Bonevant,dbonevant9k@is.gd,345,Skyvu,71
346,Willi,Bethell,wbethell9l@webmd.com,346,Eayo,50
347,Ferdinande,Aspy,faspy9m@blogtalkradio.com,347,Wikizz,85
348,Brant,Marques,bmarques9n@marriott.com,348,Linktype,46
349,Temp,Bartolomivis,tbartolomivis9o@opera.com,349,Jatri,79
350,Cobb,Tarbath,ctarbath9p@ovh.net,350,Aimbo,67
351,Manuel,Flott,mflott9q@marketwatch.com,351,Tavu,57
352,Kaine,Bedham,kbedham9r@wp.com,352,Brightdog,74
353,Patti,Wenderott,pwenderott9s@google.de,353,Meedoo,20
354,Corrinne,Sandys,csandys9t@cloudflare.com,354,Voomm,68
355,Mirella,Roser,mroser9u@ask.com,355,Avamba,14
356,Binky,Buttrick,bbuttrick9v@constantcontact.com,356,Gabspot,1
357,Julie,Nellies,jnellies9w@europa.eu,357,Janyx,42
358,Skip,Dwelley,sdwelley9x@zimbio.com,358,Yodoo,56
359,Marsh,Rankling,mrankling9y@webs.com,359,Twitterlist,70
360,Shanan,Maxfield,smaxfield9z@msn.com,360,Skynoodle,56
361,Thebault,Karran,tkarrana0@mozilla.com,361,Babbleblab,39
362,Mellisa,Simondson,msimondsona1@edublogs.org,362,Aivee,63
363,Kahlil,Coppledike,kcoppledikea2@ucoz.com,363,LiveZ,98
364,Schuyler,Wurz,swurza3@prnewswire.com,364,Voonyx,74
365,Morissa,Schoffel,mschoffela4@wordpress.com,365,Skimia,68
366,Sybil,Hollingshead,shollingsheada5@google.com.br,366,Thoughtblab,51
367,Pall,Challice,pchallicea6@tumblr.com,367,Dabjam,54
368,Clem,Menichelli,cmenichellia7@tiny.cc,368,Eazzy,59
369,Marguerite,Andres,mandresa8@nps.gov,369,Meeveo,91
370,Matthias,Rampling,mramplinga9@bizjournals.com,370,Wikibox,78
371,Noni,Cisneros,ncisnerosaa@cbsnews.com,371,Fivespan,49
372,Peta,Askaw,paskawab@auda.org.au,372,Layo,34
373,Florencia,Castagnasso,fcastagnassoac@sakura.ne.jp,373,InnoZ,18
374,Hebert,Burgwin,hburgwinad@nyu.edu,374,Ntag,8
375,Hildagarde,McCreedy,hmccreedyae@nifty.com,375,Skinder,51
376,Glen,Worsley,gworsleyaf@friendfeed.com,376,Photobug,97
377,Florance,Endicott,fendicottag@reuters.com,377,Brightdog,83
378,Merrielle,Hourston,mhourstonah@eepurl.com,378,Yozio,92
379,Nanni,Henrie,nhenrieai@bbb.org,379,Twiyo,81
380,Nap,Asey,naseyaj@usnews.com,380,Skinte,58
381,Gunilla,Haglinton,ghaglintonak@typepad.com,381,Agivu,18
382,Lin,Stace,lstaceal@slideshare.net,382,Mybuzz,63
383,Nannie,Whetnall,nwhetnallam@miitbeian.gov.cn,383,Zoonder,51
384,Ryan,Klemenz,rklemenzan@ezinearticles.com,384,Youspan,30
385,Aime,Spitaro,aspitaroao@merriam-webster.com,385,Eabox,98
386,Ringo,Wimpress,rwimpressap@google.com.hk,386,Eamia,86
387,Romola,Conman,rconmanaq@techcrunch.com,387,Mynte,2
388,Isacco,Greenham,igreenhamar@tumblr.com,388,Quinu,31
389,Schuyler,Lease,sleaseas@marriott.com,389,Oyope,88
390,Lettie,Geistmann,lgeistmannat@ucoz.ru,390,Thoughtmix,21
391,Erroll,D'Almeida,edalmeidaau@1688.com,391,Vidoo,8
392,Gloriana,MacFie,gmacfieav@sciencedaily.com,392,Myworks,46
393,Brooke,Quinn,bquinnaw@github.com,393,Abata,100
394,Batholomew,Freed,bfreedax@people.com.cn,394,Eimbee,82
395,Ced,Genge,cgengeay@gmpg.org,395,Demimbu,66
396,Em,Blanko,eblankoaz@yahoo.co.jp,396,Twitternation,11
397,Rhody,Scambler,rscamblerb0@scribd.com,397,Gigashots,43
398,Alano,Martschke,amartschkeb1@mapquest.com,398,Quinu,67
399,Monica,Cownden,mcowndenb2@acquirethisname.com,399,Realbridge,85
400,Jerry,Suthworth,jsuthworthb3@hc360.com,400,Trudoo,19
401,Elberta,Ewestace,eewestaceb4@mashable.com,401,Quimba,8
402,Horton,Nesbitt,hnesbittb5@hubpages.com,402,Blogtags,43
403,Cary,Dobbyn,cdobbynb6@hubpages.com,403,Eidel,100
404,Bonnibelle,Dennert,bdennertb7@imageshack.us,404,Wordware,28
405,Reeta,McCarrell,rmccarrellb8@bing.com,405,Demizz,24
406,Basile,Bernaert,bbernaertb9@wikispaces.com,406,Yodel,86
407,Coralyn,Ivanyukov,civanyukovba@networksolutions.com,407,Tagfeed,97
408,Esdras,McClaren,emcclarenbb@mayoclinic.com,408,Abatz,68
409,Jeannette,Lathbury,jlathburybc@comsenz.com,409,Tazzy,100
410,Evangelin,Liley,elileybd@examiner.com,410,Twimbo,72
411,Thomasin,Burke,tburkebe@seesaa.net,411,Jabbersphere,89
412,Inigo,Tother,itotherbf@vimeo.com,412,Kwideo,84
413,Hazlett,Lilliman,hlillimanbg@unc.edu,413,Katz,79
414,Major,Tillman,mtillmanbh@usa.gov,414,Oloo,49
415,Dominique,Colmore,dcolmorebi@seattletimes.com,415,Divavu,39
416,Gilli,Bywaters,gbywatersbj@si.edu,416,Youspan,47
417,Cornie,Pilger,cpilgerbk@yolasite.com,417,Miboo,57
418,Boyd,Sallans,bsallansbl@china.com.cn,418,Thoughtbridge,90
419,Katerina,Aymerich,kaymerichbm@ibm.com,419,Mydeo,70
420,Paige,Brownstein,pbrownsteinbn@who.int,420,Quinu,86
421,Bob,Leere,bleerebo@com.com,421,Skyba,85
422,Abner,Pook,apookbp@house.gov,422,Avavee,59
423,Suzy,Ellams,sellamsbq@samsung.com,423,Shuffledrive,65
424,Meriel,Beardwell,mbeardwellbr@furl.net,424,Plambee,3
425,Sheffield,Rowston,srowstonbs@behance.net,425,Aimbu,55
426,Harwilll,Greaser,hgreaserbt@cisco.com,426,Skiptube,89
427,Raviv,Rosenfelt,rrosenfeltbu@fema.gov,427,Photojam,5
428,Atlante,Kuhn,akuhnbv@wufoo.com,428,Quamba,82
429,Breena,Paumier,bpaumierbw@cisco.com,429,Twitterworks,61
430,Dudley,Penson,dpensonbx@w3.org,430,Youspan,66
431,Der,Ivanishin,divanishinby@webnode.com,431,Fivechat,63
432,Gaye,Sante,gsantebz@independent.co.uk,432,Skyba,62
433,Gareth,Blance,gblancec0@ameblo.jp,433,Dynava,31
434,Mikkel,Bates,mbatesc1@senate.gov,434,Flipstorm,73
435,Kylie,Swyndley,kswyndleyc2@cmu.edu,435,Livetube,35
436,Carena,Machent,cmachentc3@a8.net,436,Avaveo,6
437,Haily,Biscomb,hbiscombc4@networkadvertising.org,437,Jaxnation,39
438,Janeva,Thirst,jthirstc5@wiley.com,438,Gigaclub,43
439,Elyssa,Alexsandrev,ealexsandrevc6@csmonitor.com,439,Jabberstorm,99
440,Neale,Knivett,nknivettc7@1und1.de,440,Zoomlounge,100
441,Wallace,Moodey,wmoodeyc8@yahoo.com,441,Einti,78
442,Costa,Cancellieri,ccancellieric9@unesco.org,442,Voonder,56
443,Rodrick,Heliot,rheliotca@sfgate.com,443,Brainsphere,24
444,Florenza,Kulas,fkulascb@bandcamp.com,444,Innotype,50
445,Tyson,Vellacott,tvellacottcc@weibo.com,445,Youspan,37
446,Jasmina,Shale,jshalecd@last.fm,446,Flashpoint,80
447,Myrwyn,Sacaze,msacazece@loc.gov,447,Livetube,40
448,Horten,Sibbe,hsibbecf@economist.com,448,Aibox,72
449,Sallee,Toyne,stoynecg@prweb.com,449,Cogibox,54
450,Aloise,Balbeck,abalbeckch@youtube.com,450,Shufflebeat,2
451,Kelcy,Lydiard,klydiardci@springer.com,451,Kwideo,78
452,Corrie,Kellog,ckellogcj@newyorker.com,452,Skyba,36
453,Tori,Abramzon,tabramzonck@wsj.com,453,Thoughtbridge,33
454,Dunn,Comber,dcombercl@networksolutions.com,454,Linklinks,32
455,Rita,Yukhin,ryukhincm@pcworld.com,455,Avavee,9
456,Baudoin,Dreossi,bdreossicn@bloglines.com,456,Yodel,43
457,Karlyn,Klainer,kklainerco@wikipedia.org,457,Skipfire,17
458,Broddie,Simonazzi,bsimonazzicp@hp.com,458,Tazz,75
459,Zebadiah,Brockington,zbrockingtoncq@spiegel.de,459,Ntag,56
460,Hebert,Beel,hbeelcr@webs.com,460,Skaboo,85
461,Astrid,Belli,abellics@washington.edu,461,Fatz,80
462,Bil,Remmer,bremmerct@cdbaby.com,462,Aimbo,88
463,Albie,Schops,aschopscu@pbs.org,463,Mybuzz,14
464,Darrell,Aiskrigg,daiskriggcv@github.io,464,Youbridge,23
465,Alastair,Du Plantier,aduplantiercw@youtu.be,465,Voonte,34
466,Cordi,Fullylove,cfullylovecx@163.com,466,Zoombox,49
467,Alisun,Kidgell,akidgellcy@google.pl,467,Meeveo,91
468,Stearne,Conner,sconnercz@51.la,468,Riffpedia,55
469,Rebekkah,Cool,rcoold0@parallels.com,469,BlogXS,25
470,Dagmar,Basile,dbasiled1@ucla.edu,470,Browsecat,15
471,Alika,Martinot,amartinotd2@zdnet.com,471,Pixonyx,91
472,Wendell,Whitnell,wwhitnelld3@eepurl.com,472,Devcast,22
473,Andrea,Wragge,awragged4@mysql.com,473,Yadel,28
474,Wade,Gallihaulk,wgallihaulkd5@scribd.com,474,Edgeblab,95
475,Hervey,Le Marchand,hlemarchandd6@prlog.org,475,Talane,16
476,Emilio,Astin,eastind7@nationalgeographic.com,476,Zoonoodle,44
477,Diana,Maior,dmaiord8@shinystat.com,477,Photojam,45
478,Dayle,Palfrey,dpalfreyd9@amazon.com,478,Pixonyx,80
479,Neala,Poxson,npoxsonda@infoseek.co.jp,479,Mybuzz,80
480,Keith,Melan,kmelandb@chron.com,480,Yozio,6
481,Pippa,Redington,predingtondc@ucsd.edu,481,Cogilith,22
482,Francisco,Kittley,fkittleydd@163.com,482,Divavu,5
483,Filippa,Tantum,ftantumde@businessweek.com,483,Browsecat,61
484,Domini,Arnout,darnoutdf@yandex.ru,484,Bluejam,25
485,Lotte,Boot,lbootdg@altervista.org,485,Dynabox,62
486,Herold,Norway,hnorwaydh@diigo.com,486,Trudoo,26
487,Lulita,McMorran,lmcmorrandi@joomla.org,487,Yodo,73
488,Bernadette,Doone,bdoonedj@theguardian.com,488,Tagfeed,30
489,Belle,Bulloch,bbullochdk@vinaora.com,489,Topiczoom,68
490,Ardith,Canning,acanningdl@mapy.cz,490,Edgeify,57
491,Bartie,Stollenbeck,bstollenbeckdm@github.com,491,Babbleset,52
492,Kasey,Blumer,kblumerdn@booking.com,492,Yata,53
493,Danya,Hamor,dhamordo@amazon.de,493,Roodel,73
494,Humphrey,Walczynski,hwalczynskidp@ucla.edu,494,Buzzshare,7
495,Bink,Waller-Bridge,bwallerbridgedq@nba.com,495,Zoonder,53
496,Lamar,Haversum,lhaversumdr@hostgator.com,496,Quinu,26
497,Aubert,Berrill,aberrillds@redcross.org,497,Camido,81
498,Mikael,Paule,mpauledt@zimbio.com,498,Mycat,65
499,Cyndia,Pulster,cpulsterdu@naver.com,499,Mynte,40
500,Symon,De Gregoli,sdegregolidv@alexa.com,500,Devshare,48
501,Chelsie,Reside,cresidedw@goo.ne.jp,501,Rhynoodle,3
502,Issi,Maypole,imaypoledx@ifeng.com,502,Innojam,74
503,Constancia,Ludmann,cludmanndy@gmpg.org,503,Voolith,86
504,Nickolaus,Enterle,nenterledz@goo.ne.jp,504,Skivee,15
505,Terencio,Dargue,tdarguee0@mozilla.org,505,Kare,35
506,Loria,Anlay,lanlaye1@google.pl,506,Skidoo,54
507,Lacy,Weller,lwellere2@google.nl,507,Cogilith,42
508,Jakob,Casswell,jcasswelle3@pen.io,508,Eayo,93
509,Wesley,Blankenship,wblankenshipe4@twitpic.com,509,Gigaclub,67
510,Gisele,Baudichon,gbaudichone5@storify.com,510,Skibox,17
511,Stephannie,Bailiss,sbailisse6@yandex.ru,511,Photobug,15
512,Mar,McPartling,mmcpartlinge7@infoseek.co.jp,512,Flashdog,37
513,Nikolaus,Vasse,nvassee8@unicef.org,513,Bubbletube,37
514,Jo-anne,Pockey,jpockeye9@google.com.hk,514,Livetube,24
515,Luigi,Beers,lbeersea@arstechnica.com,515,Roombo,29
516,Kelly,Tremathack,ktremathackeb@newsvine.com,516,Shuffletag,83
517,Cullie,O'Bradden,cobraddenec@japanpost.jp,517,Tagfeed,58
518,Ingrid,Dimeloe,idimeloeed@forbes.com,518,Kimia,10
519,Karim,Tumioto,ktumiotoee@cam.ac.uk,519,Kayveo,96
520,Felicdad,Lafont,flafontef@printfriendly.com,520,Oba,26
521,Donny,Duckerin,dduckerineg@wikispaces.com,521,Leexo,89
522,Tanny,Iorio,tiorioeh@google.co.uk,522,Rhynyx,72
523,Cissiee,Chalk,cchalkei@fastcompany.com,523,Zooveo,56
524,My,Daskiewicz,mdaskiewiczej@wikipedia.org,524,Flipstorm,100
525,Micheline,Lazell,mlazellek@barnesandnoble.com,525,Realbridge,63
526,Janela,Dale,jdaleel@tripadvisor.com,526,Eimbee,10
527,Leonhard,Crookston,lcrookstonem@youku.com,527,Zoonoodle,90
528,Kora,Burnes,kburnesen@wordpress.org,528,Twiyo,63
529,Clea,Duckitt,cduckitteo@gnu.org,529,Yodoo,3
530,Whit,Limbourne,wlimbourneep@forbes.com,530,Lazzy,71
531,Tootsie,Nellies,tnellieseq@studiopress.com,531,Skinder,91
532,Lynda,Ruthen,lruthener@typepad.com,532,Pixonyx,95
533,Birch,Milington,bmilingtones@unicef.org,533,Camimbo,58
534,Angeline,Lewisham,alewishamet@theglobeandmail.com,534,Lazzy,90
535,Pietro,Bottrill,pbottrilleu@adobe.com,535,Aimbo,57
536,Tomlin,Rowaszkiewicz,trowaszkiewiczev@goodreads.com,536,Wordware,15
537,Cal,Lettice,cletticeew@usgs.gov,537,Gigaclub,6
538,Tracie,Discombe,tdiscombeex@usnews.com,538,Digitube,31
539,Yevette,Sprowles,ysprowlesey@aboutads.info,539,Mydeo,98
540,Wilma,Coard,wcoardez@stanford.edu,540,Brainverse,93
541,Leah,Marryatt,lmarryattf0@youtube.com,541,Yakitri,78
542,Nolan,Powdrell,npowdrellf1@cnn.com,542,Rhycero,36
543,Leonard,Ferrarello,lferrarellof2@bing.com,543,Devshare,90
544,Nickie,Gally,ngallyf3@mayoclinic.com,544,Kwimbee,64
545,Norris,Morrieson,nmorriesonf4@jalbum.net,545,Skippad,52
546,Franchot,Revett,frevettf5@tripadvisor.com,546,Dabfeed,76
547,Fidelia,Mundell,fmundellf6@bizjournals.com,547,Tagopia,4
548,Birgitta,Petrillo,bpetrillof7@hhs.gov,548,Lazz,89
549,Wade,Waren,wwarenf8@blogspot.com,549,Browsezoom,60
550,Julie,Gorvette,jgorvettef9@studiopress.com,550,Zoomlounge,9
551,Brynn,Kaes,bkaesfa@mlb.com,551,Nlounge,76
552,Ciel,Rosier,crosierfb@parallels.com,552,Twinte,85
553,Drusy,Avann,davannfc@is.gd,553,Edgeblab,66
554,Ashil,Barrabeale,abarrabealefd@wisc.edu,554,Riffpedia,95
555,Genovera,Hatfull,ghatfullfe@dropbox.com,555,Oodoo,20
556,Roslyn,Fawson,rfawsonff@lulu.com,556,Agimba,69
557,Harrietta,Jekyll,hjekyllfg@list-manage.com,557,Skajo,51
558,Farrell,Caddens,fcaddensfh@cmu.edu,558,Feedbug,82
559,Ermentrude,Valentinuzzi,evalentinuzzifi@weibo.com,559,Midel,63
560,Cirillo,Rotter,crotterfj@51.la,560,Leenti,73
561,Johnny,McAtamney,jmcatamneyfk@squidoo.com,561,Gabspot,23
562,Ruthy,Cullinan,rcullinanfl@bloomberg.com,562,Twimbo,30
563,Morris,Lowre,mlowrefm@yellowpages.com,563,Twiyo,83
564,Guinevere,Jancso,gjancsofn@netscape.com,564,Edgeify,66
565,Bogey,Shurville,bshurvillefo@google.fr,565,Livepath,87
566,Anabelle,Coltan,acoltanfp@sohu.com,566,Mydo,91
567,Donaugh,Mussen,dmussenfq@1688.com,567,Twitterbeat,60
568,Leonardo,Abrami,labramifr@comsenz.com,568,Skipstorm,97
569,Anne,Rispen,arispenfs@umich.edu,569,Topdrive,30
570,Camella,Izatt,cizattft@booking.com,570,Kimia,96
571,Skelly,Haskett,shaskettfu@e-recht24.de,571,Trudeo,32
572,Siouxie,Borlease,sborleasefv@i2i.jp,572,Youspan,7
573,Duke,Greggs,dgreggsfw@nsw.gov.au,573,Yambee,94
574,Charmaine,Cholomin,ccholominfx@reference.com,574,Lajo,37
575,Danny,Burroughes,dburroughesfy@nymag.com,575,Twitterlist,96
576,Aida,Cockrill,acockrillfz@yahoo.com,576,Brainverse,7
577,Irwin,Le Floch,ileflochg0@ow.ly,577,Eidel,9
578,Franky,Briggdale,fbriggdaleg1@ebay.com,578,Avavee,59
579,Justus,Liddle,jliddleg2@tmall.com,579,Wikivu,46
580,Michal,Grimsdale,mgrimsdaleg3@goo.gl,580,Zoombeat,64
581,Quintus,Cleall,qcleallg4@google.com.br,581,Feedfire,29
582,Clyde,Langworthy,clangworthyg5@topsy.com,582,Fivechat,71
583,Jaquith,Kebbell,jkebbellg6@free.fr,583,Fivebridge,79
584,Violetta,Covington,vcovingtong7@mtv.com,584,Meevee,34
585,Jobi,Coghlin,jcoghling8@rediff.com,585,Tagchat,89
586,Solomon,Settle,ssettleg9@multiply.com,586,Quinu,5
587,Leeanne,Eliyahu,leliyahuga@hubpages.com,587,Twimbo,57
588,Winthrop,Morphey,wmorpheygb@networkadvertising.org,588,Devify,65
589,Wynny,Daggett,wdaggettgc@wordpress.org,589,Fivespan,38
590,Delmor,McQuilliam,dmcquilliamgd@webeden.co.uk,590,Tagtune,14
591,Romain,Gofford,rgoffordge@blogger.com,591,Kayveo,8
592,Renelle,Zebedee,rzebedeegf@diigo.com,592,Avavee,42
593,Arlinda,Peddel,apeddelgg@epa.gov,593,Youfeed,10
594,Alene,Message,amessagegh@google.com.hk,594,Roombo,50
595,Reinhard,Kenafaque,rkenafaquegi@china.com.cn,595,Quimm,35
596,Christine,Maggiori,cmaggiorigj@phpbb.com,596,Babbleopia,11
597,Patricia,Oxlade,poxladegk@dmoz.org,597,Tagchat,25
598,Iolanthe,Yushkov,iyushkovgl@w3.org,598,Gigabox,67
599,Bendix,Wesgate,bwesgategm@sogou.com,599,Voomm,31
600,Gilberto,Ernke,gernkegn@dailymotion.com,600,Janyx,74
601,Andres,Cabell,acabellgo@apache.org,601,Mita,53
602,Hedvige,Traite,htraitegp@army.mil,602,Flipstorm,29
603,Gleda,Shatliff,gshatliffgq@msu.edu,603,Meeveo,87
604,Joyous,Janku,jjankugr@sakura.ne.jp,604,Kamba,6
605,Seline,Proswell,sproswellgs@ucoz.ru,605,Jazzy,81
606,Tommie,Karpychev,tkarpychevgt@hc360.com,606,Skibox,67
607,Lorraine,Pattesall,lpattesallgu@ucoz.ru,607,Twitterbridge,63
608,Mamie,Leipnik,mleipnikgv@dropbox.com,608,Blogspan,81
609,Lavinie,Asgodby,lasgodbygw@upenn.edu,609,Voomm,16
610,Willi,Voice,wvoicegx@posterous.com,610,Demimbu,39
611,Carl,Grayne,cgraynegy@g.co,611,Skalith,78
612,Olenka,Britton,obrittongz@earthlink.net,612,Topicshots,48
613,Saba,Feldmann,sfeldmannh0@abc.net.au,613,Abatz,24
614,Evania,Eveling,eevelingh1@flavors.me,614,Kare,72
615,Zacharie,Quig,zquigh2@wufoo.com,615,Browseblab,97
616,Michaella,Harriskine,mharriskineh3@rakuten.co.jp,616,Eire,30
617,Jenica,Seers,jseersh4@nationalgeographic.com,617,Thoughtstorm,25
618,Celesta,Padbury,cpadburyh5@gnu.org,618,Jabbercube,62
619,Killian,Jorge,kjorgeh6@seesaa.net,619,Realcube,94
620,Anetta,Steers,asteersh7@eepurl.com,620,Realblab,10
621,Avril,Pettengell,apettengellh8@thetimes.co.uk,621,Photolist,15
622,Anastasia,Rowthorn,arowthornh9@people.com.cn,622,Eare,44
623,Nadine,Kimmerling,nkimmerlingha@craigslist.org,623,Zoombox,1
624,Jefferson,Idiens,jidienshb@miitbeian.gov.cn,624,Oyondu,54
625,Joyce,Riddles,jriddleshc@cornell.edu,625,Oyoloo,87
626,Blane,Stammler,bstammlerhd@scientificamerican.com,626,Bluejam,22
627,Giffie,Weaving,gweavinghe@merriam-webster.com,627,Oyoyo,35
628,Nevil,Fishpool,nfishpoolhf@goo.gl,628,Katz,89
629,Dukey,Womack,dwomackhg@godaddy.com,629,Fivechat,33
630,Elle,Ivanchov,eivanchovhh@drupal.org,630,Innojam,69
631,Cammi,Venners,cvennershi@slate.com,631,Mynte,94
632,Alexandrina,Bouldon,abouldonhj@weibo.com,632,Zoonoodle,35
633,Karoly,Karchowski,kkarchowskihk@4shared.com,633,Kaymbo,17
634,Porty,Yuryev,pyuryevhl@flickr.com,634,Skalith,44
635,Daveta,Bernardy,dbernardyhm@umn.edu,635,Ainyx,22
636,Nettie,Corsham,ncorshamhn@wunderground.com,636,Mudo,5
637,Ingrid,Weekes,iweekesho@go.com,637,Buzzdog,17
638,Zeke,Simka,zsimkahp@whitehouse.gov,638,Voonyx,33
639,Christine,Bew,cbewhq@1und1.de,639,Eayo,43
640,Talbert,O'Deoran,todeoranhr@ocn.ne.jp,640,Tanoodle,70
641,Gaelan,Ybarra,gybarrahs@auda.org.au,641,Meedoo,21
642,Arvy,Elwin,aelwinht@noaa.gov,642,Bluejam,45
643,Octavia,Lerhinan,olerhinanhu@time.com,643,Realbuzz,49
644,Cristen,Breawood,cbreawoodhv@google.co.uk,644,Twitterworks,86
645,Leilah,Skeldinge,lskeldingehw@nps.gov,645,Browsecat,41
646,Renaud,Greasty,rgreastyhx@yellowbook.com,646,Jabbertype,88
647,Dierdre,Morrilly,dmorrillyhy@pen.io,647,JumpXS,98
648,Shellie,Baddow,sbaddowhz@blogspot.com,648,Fliptune,62
649,Herman,Ivakin,hivakini0@jugem.jp,649,Feedbug,52
650,Jerry,Tommasetti,jtommasettii1@lulu.com,650,Yotz,22
651,Kelcey,Creamen,kcreameni2@wp.com,651,Quaxo,24
652,Pietro,Broszkiewicz,pbroszkiewiczi3@sourceforge.net,652,Edgetag,1
653,Derron,Flarity,dflarityi4@quantcast.com,653,Feedspan,85
654,Spencer,Hinchcliffe,shinchcliffei5@ebay.co.uk,654,Geba,11
655,Shelley,Yerlett,syerletti6@fastcompany.com,655,Yoveo,47
656,Phoebe,Amesbury,pamesburyi7@ezinearticles.com,656,Innojam,21
657,Louisa,Eilhermann,leilhermanni8@latimes.com,657,Dynava,7
658,Alic,Griffe,agriffei9@joomla.org,658,Zazio,96
659,Bernetta,Thomazin,bthomazinia@economist.com,659,Voonder,76
660,Etienne,Blitz,eblitzib@twitpic.com,660,DabZ,77
661,Lauree,Schoffel,lschoffelic@cyberchimps.com,661,Realmix,49
662,Missy,Everingham,meveringhamid@unicef.org,662,Babbleblab,57
663,Zola,Fullerd,zfullerdie@mediafire.com,663,Topicstorm,40
664,Yorke,Davidovics,ydavidovicsif@hexun.com,664,Yadel,46
665,Sebastian,Nulty,snultyig@github.io,665,Zoomlounge,83
666,Vern,Alekseev,valekseevih@ocn.ne.jp,666,Quinu,96
667,Sully,Delafont,sdelafontii@pagesperso-orange.fr,667,Reallinks,56
668,Clement,Blasetti,cblasettiij@wired.com,668,Youfeed,99
669,Harrison,Boules,hboulesik@dell.com,669,Edgepulse,56
670,Jodie,Chatelet,jchateletil@home.pl,670,Talane,72
671,Maurita,Tuckey,mtuckeyim@vinaora.com,671,Feednation,82
672,Hagen,Duddy,hduddyin@google.fr,672,Blogspan,21
673,Chandra,Anthiftle,canthiftleio@photobucket.com,673,Yoveo,41
674,Dagny,Shawdforth,dshawdforthip@ibm.com,674,Tekfly,13
675,Alfonso,Duggan,adugganiq@parallels.com,675,Jamia,14
676,Ross,Jervis,rjervisir@buzzfeed.com,676,Latz,97
677,Toby,Lumox,tlumoxis@si.edu,677,Avamm,37
678,Baxter,Keveren,bkeverenit@go.com,678,Aimbu,39
679,Blakelee,Mc Dermid,bmcdermidiu@instagram.com,679,Jabberbean,15
680,Efrem,McParlin,emcparliniv@wordpress.org,680,Einti,28
681,Missy,Karlsson,mkarlssoniw@networkadvertising.org,681,Wikido,83
682,Emmaline,Mulleary,emullearyix@huffingtonpost.com,682,Twimm,50
683,Lorene,Osan,losaniy@baidu.com,683,Vimbo,6
684,Elsy,Hearle,ehearleiz@prnewswire.com,684,Livefish,89
685,Tildy,Goldston,tgoldstonj0@gravatar.com,685,Voonyx,73
686,Karon,Bibey,kbibeyj1@cbslocal.com,686,Skidoo,82
687,Lauritz,Kearns,lkearnsj2@gizmodo.com,687,Brightbean,55
688,Terri,Anglin,tanglinj3@ezinearticles.com,688,Skipstorm,36
689,Arlyne,Honsch,ahonschj4@yellowbook.com,689,Wordify,60
690,Scott,Broadwell,sbroadwellj5@mediafire.com,690,Rooxo,84
691,Tucky,Ivery,tiveryj6@msu.edu,691,Twitterworks,97
692,Dannie,Pick,dpickj7@alibaba.com,692,Skiba,19
693,Merrile,Golde,mgoldej8@cbc.ca,693,Vinder,33
694,Matti,Bowfin,mbowfinj9@nps.gov,694,Yakijo,61
695,Billi,Stonebanks,bstonebanksja@wunderground.com,695,Oba,87
696,Jaclyn,Ballefant,jballefantjb@patch.com,696,Kayveo,34
697,Jordan,Prate,jpratejc@google.com.au,697,Yakitri,10
698,Eugene,Bendtsen,ebendtsenjd@plala.or.jp,698,Eabox,65
699,Helena,Marshland,hmarshlandje@uiuc.edu,699,Aibox,19
700,Reed,Winterscale,rwinterscalejf@a8.net,700,Mudo,7
701,Coriss,Perry,cperryjg@instagram.com,701,Plajo,44
702,Prescott,Jeannesson,pjeannessonjh@toplist.cz,702,Dabjam,53
703,Devin,Lascelles,dlascellesji@phoca.cz,703,Feedfish,77
704,Cale,Stelle,cstellejj@newsvine.com,704,Gigaclub,35
705,Amie,Baudon,abaudonjk@weebly.com,705,Oyonder,39
706,Kelsey,Bithany,kbithanyjl@xrea.com,706,Flashspan,45
707,La verne,Malinson,lmalinsonjm@tiny.cc,707,Yotz,9
708,Georgine,Rudsdell,grudsdelljn@answers.com,708,Oba,75
709,Damian,Kerman,dkermanjo@youku.com,709,Eabox,19
710,Aguie,Malatalant,amalatalantjp@yandex.ru,710,Wordware,86
711,Jaime,Grigorini,jgrigorinijq@yolasite.com,711,Riffpedia,6
712,Damara,Baal,dbaaljr@angelfire.com,712,Jaxbean,75
713,Mab,Crowder,mcrowderjs@altervista.org,713,Shuffledrive,92
714,Hendrik,Crawforth,hcrawforthjt@ebay.com,714,Jaxbean,64
715,Duke,Tayt,dtaytju@g.co,715,Zoozzy,85
716,Leone,Sollowaye,lsollowayejv@thetimes.co.uk,716,Abata,74
717,Dela,Wytchard,dwytchardjw@loc.gov,717,Livetube,63
718,Skylar,Rammell,srammelljx@acquirethisname.com,718,Meevee,10
719,Tedda,Yaknov,tyaknovjy@howstuffworks.com,719,Thoughtstorm,40
720,Veradis,Lehemann,vlehemannjz@hubpages.com,720,InnoZ,68
721,Ellie,Wilne,ewilnek0@tuttocitta.it,721,Mynte,98
722,Candide,Montague,cmontaguek1@army.mil,722,Gevee,73
723,Llywellyn,Dalziell,ldalziellk2@xing.com,723,Divape,5
724,Hillier,Bullier,hbullierk3@google.it,724,Oloo,46
725,Skippy,Burchfield,sburchfieldk4@google.com,725,Jamia,75
726,Charmian,Gaspard,cgaspardk5@mayoclinic.com,726,Izio,44
727,Casie,Geke,cgekek6@reference.com,727,Blogpad,46
728,Rowan,Piddletown,rpiddletownk7@acquirethisname.com,728,Feednation,76
729,Gard,Harflete,gharfletek8@businessweek.com,729,Topicware,37
730,Michail,Breen,mbreenk9@studiopress.com,730,Centidel,100
731,Kira,Munt,kmuntka@constantcontact.com,731,Mita,55
732,Melantha,Windas,mwindaskb@netlog.com,732,Meezzy,94
733,Estel,Gullis,egulliskc@unc.edu,733,Blogpad,10
734,Korie,Antognazzi,kantognazzikd@mail.ru,734,Bubbletube,79
735,Malena,Guinane,mguinaneke@mysql.com,735,Yacero,66
736,Edgar,Roche,erochekf@geocities.jp,736,Devcast,25
737,Minnnie,Fenlon,mfenlonkg@hp.com,737,Lazz,70
738,Mareah,Gayton,mgaytonkh@netvibes.com,738,Shufflebeat,33
739,Hunter,Tallboy,htallboyki@ifeng.com,739,Eayo,60
740,Rhoda,Millican,rmillicankj@theatlantic.com,740,Dynabox,92
741,Annnora,Scimone,ascimonekk@squidoo.com,741,Dabjam,78
742,Pavel,Dack,pdackkl@t-online.de,742,Linkbridge,66
743,Kayley,Gallichan,kgallichankm@blogspot.com,743,Yakijo,43
744,Candace,Otteridge,cotteridgekn@unesco.org,744,Edgetag,79
745,Vikki,Giddings,vgiddingsko@pcworld.com,745,Fliptune,80
746,Riordan,Ashton,rashtonkp@sciencedirect.com,746,Plambee,20
747,Alvis,Laurant,alaurantkq@ehow.com,747,Trunyx,16
748,Beverie,Knuckles,bknuckleskr@microsoft.com,748,Gabtype,62
749,Brianna,Drife,bdrifeks@abc.net.au,749,Flashspan,72
750,Cordey,Epp,ceppkt@trellian.com,750,Lajo,60
751,Delora,Maccraw,dmaccrawku@xinhuanet.com,751,Eayo,53
752,Bliss,Lorenzini,blorenzinikv@hao123.com,752,Flashspan,15
753,Leeanne,Kirsopp,lkirsoppkw@army.mil,753,Skyndu,22
754,Devonne,Grimwade,dgrimwadekx@elegantthemes.com,754,Tagtune,3
755,Kathe,Pellant,kpellantky@alibaba.com,755,Devpoint,76
756,Tremayne,O' Cloney,tocloneykz@rambler.ru,756,Quinu,39
757,Basil,Embleton,bembletonl0@opera.com,757,Trunyx,8
758,Tucker,Coltart,tcoltartl1@google.com.br,758,Fivechat,43
759,Shaun,Haggett,shaggettl2@engadget.com,759,Oloo,95
760,Silvanus,Lacase,slacasel3@ebay.com,760,Blognation,88
761,Brocky,Yesenev,byesenevl4@chicagotribune.com,761,Gigashots,88
762,Deonne,Gutcher,dgutcherl5@deviantart.com,762,Meedoo,43
763,Nicolle,Scheffler,nschefflerl6@qq.com,763,Babbleset,10
764,Peder,Sedgebeer,psedgebeerl7@globo.com,764,Jabberstorm,69
765,Tommie,Badwick,tbadwickl8@goo.gl,765,Avavee,97
766,Charline,Loudon,cloudonl9@rakuten.co.jp,766,Topiclounge,75
767,Adrienne,Jeays,ajeaysla@live.com,767,Zoombeat,76
768,Chastity,Winspar,cwinsparlb@cisco.com,768,Wordify,51
769,Lisle,Blakey,lblakeylc@google.fr,769,Skipstorm,24
770,Electra,Curzey,ecurzeyld@pbs.org,770,Zoonoodle,85
771,Pincas,Van Baaren,pvanbaarenle@theatlantic.com,771,Topicstorm,35
772,Vinny,Sergean,vsergeanlf@hc360.com,772,Brainlounge,26
773,Esma,Kubacek,ekubaceklg@zdnet.com,773,Aimbo,69
774,Dionisio,Renihan,drenihanlh@ycombinator.com,774,Youspan,15
775,Christean,Gardener,cgardenerli@indiatimes.com,775,Browsedrive,3
776,Adeline,Clougher,aclougherlj@4shared.com,776,Wordware,33
777,Ruperta,Airey,raireylk@yandex.ru,777,Centizu,46
778,Arlen,McMonnies,amcmonniesll@flickr.com,778,Meedoo,81
779,Norman,Watmough,nwatmoughlm@pen.io,779,Ntags,24
780,Addie,Rosthorn,arosthornln@mashable.com,780,Livetube,6
781,Kimble,Link,klinklo@sciencedirect.com,781,Skynoodle,94
782,Hermon,Postin,hpostinlp@unesco.org,782,Mynte,73
783,Cornelle,Poundsford,cpoundsfordlq@ft.com,783,Twitternation,78
784,Liesa,Grigorey,lgrigoreylr@exblog.jp,784,Zoonder,95
785,Martyn,Mosconi,mmosconils@statcounter.com,785,Tagfeed,85
786,Valeda,Lockney,vlockneylt@newyorker.com,786,Vinte,41
787,Dorey,Magarrell,dmagarrelllu@qq.com,787,Zoomzone,66
788,Victoria,Kleisle,vkleislelv@pen.io,788,Jazzy,59
789,Rea,Ding,rdinglw@google.ca,789,Livetube,71
790,Nefen,Vockins,nvockinslx@altervista.org,790,Dabshots,90
791,Vernen,Tofano,vtofanoly@uol.com.br,791,Tambee,81
792,Jorrie,Ranby,jranbylz@behance.net,792,Jayo,3
793,Louis,Derrett,lderrettm0@mlb.com,793,Yoveo,89
794,Lev,Leven,llevenm1@chronoengine.com,794,Skaboo,57
795,Olenolin,Gopsall,ogopsallm2@imgur.com,795,Twitternation,95
796,Jenna,MacArdle,jmacardlem3@themeforest.net,796,Dynava,59
797,Danika,Borges,dborgesm4@cisco.com,797,Yata,18
798,Alexis,Tebbit,atebbitm5@oracle.com,798,Tazz,27
799,Annnora,O' Neligan,aoneliganm6@nyu.edu,799,Skippad,39
800,Madison,Tilberry,mtilberrym7@aboutads.info,800,Rooxo,40
801,Ermina,Embling,eemblingm8@ask.com,801,Flashset,93
802,Lynn,Schenkel,lschenkelm9@nyu.edu,802,Dynabox,45
803,Oswell,Hutten,ohuttenma@cyberchimps.com,803,Yakijo,7
804,Codee,Wathey,cwatheymb@mayoclinic.com,804,Vinder,67
805,Shurlocke,Pedracci,spedraccimc@tamu.edu,805,Feedbug,25
806,Hugh,Kerswell,hkerswellmd@microsoft.com,806,Trunyx,85
807,Adrian,Cattermull,acattermullme@yellowbook.com,807,Kamba,14
808,Willem,Doog,wdoogmf@irs.gov,808,Realpoint,40
809,Dennie,Jeannequin,djeannequinmg@earthlink.net,809,Kayveo,62
810,Gerianna,Saben,gsabenmh@cdc.gov,810,Omba,100
811,Dell,Broseke,dbrosekemi@slashdot.org,811,Zoombeat,92
812,Nicolas,Lerego,nleregomj@guardian.co.uk,812,Realmix,14
813,Delmore,Lerigo,dlerigomk@slashdot.org,813,Jayo,18
814,Pinchas,Cowpland,pcowplandml@163.com,814,Gigazoom,46
815,Emmy,Winsbury,ewinsburymm@networkadvertising.org,815,Browsetype,28
816,Tobin,Inch,tinchmn@ed.gov,816,Pixonyx,27
817,Sybila,Manger,smangermo@barnesandnoble.com,817,Yabox,3
818,Adelheid,Monday,amondaymp@blogger.com,818,Jabbersphere,27
819,Pascal,Hairon,phaironmq@theguardian.com,819,Jatri,63
820,Tallie,Tipling,ttiplingmr@upenn.edu,820,Skidoo,43
821,Ines,Geake,igeakems@wikia.com,821,Brightbean,7
822,Nettie,Grieve,ngrievemt@dropbox.com,822,Brainsphere,18
823,Davis,Killingbeck,dkillingbeckmu@forbes.com,823,Eare,38
824,Sharon,Valasek,svalasekmv@ox.ac.uk,824,Thoughtworks,41
825,Nanice,Stammer,nstammermw@walmart.com,825,Browseblab,22
826,Sax,Waudby,swaudbymx@woothemes.com,826,Jaloo,23
827,Mirna,Pickrill,mpickrillmy@livejournal.com,827,Brightdog,22
828,Dee dee,Parren,dparrenmz@photobucket.com,828,Yacero,10
829,Vic,Pick,vpickn0@woothemes.com,829,Oyoba,14
830,Derry,McAneny,dmcanenyn1@prweb.com,830,Zoomdog,57
831,Fancy,Hylton,fhyltonn2@mlb.com,831,Eimbee,23
832,Gearalt,Dansken,gdanskenn3@gizmodo.com,832,Meemm,82
833,Sayre,Mewburn,smewburnn4@themeforest.net,833,Quamba,95
834,Yankee,Poff,ypoffn5@webnode.com,834,Edgepulse,64
835,Evey,Wogan,ewogann6@myspace.com,835,Eabox,4
836,Brion,Bury,bburyn7@weibo.com,836,Snaptags,59
837,Evangelia,Starrs,estarrsn8@theglobeandmail.com,837,Ainyx,70
838,Shayla,Paley,spaleyn9@yandex.ru,838,Dynabox,79
839,Quinn,Ciciari,qciciarina@wikipedia.org,839,Fadeo,65
840,Terrel,Sphinxe,tsphinxenb@shareasale.com,840,Eimbee,100
841,Corrianne,Baumber,cbaumbernc@prweb.com,841,Nlounge,19
842,Neila,Reape,nreapend@sun.com,842,Jetwire,63
843,Dimitri,Khomich,dkhomichne@boston.com,843,Abata,10
844,Lynnea,Westhead,lwestheadnf@tmall.com,844,Skilith,66
845,Serene,Drayson,sdraysonng@imageshack.us,845,Linkbuzz,60
846,Anett,Hought,ahoughtnh@slideshare.net,846,Meezzy,55
847,Madge,Tubb,mtubbni@moonfruit.com,847,Livepath,33
848,Charil,Skoof,cskoofnj@google.it,848,Abatz,82
849,Clotilda,Mitchiner,cmitchinernk@infoseek.co.jp,849,Edgetag,35
850,Thane,Spriddle,tspriddlenl@toplist.cz,850,Vitz,9
851,Sansone,Tringham,stringhamnm@nsw.gov.au,851,Flipstorm,84
852,Austine,Whittuck,awhittucknn@usatoday.com,852,Topicware,82
853,Mariellen,Joutapaitis,mjoutapaitisno@wix.com,853,Voomm,26
854,Elias,Burnside,eburnsidenp@webs.com,854,Feednation,99
855,Doe,Mattisson,dmattissonnq@cargocollective.com,855,Oba,16
856,Gaynor,Reef,greefnr@xing.com,856,Eire,31
857,Merill,Forsyde,mforsydens@mashable.com,857,Edgeclub,91
858,Nobe,Fri,nfrint@slashdot.org,858,Wikibox,82
859,Marmaduke,Bamber,mbambernu@salon.com,859,Trunyx,27
860,Sallyann,Bromont,sbromontnv@berkeley.edu,860,Babbleblab,69
861,Mil,Keave,mkeavenw@mysql.com,861,Vidoo,54
862,Libby,Skahill,lskahillnx@auda.org.au,862,Meembee,11
863,Crin,Beedie,cbeedieny@tiny.cc,863,Fadeo,31
864,Jameson,Thickett,jthickettnz@bloomberg.com,864,Miboo,59
865,Corina,Matthews,cmatthewso0@hubpages.com,865,Wikivu,52
866,Pepillo,Fenimore,pfenimoreo1@ed.gov,866,Jaxnation,72
867,Melessa,Boxall,mboxallo2@java.com,867,Tagpad,70
868,Krispin,Coye,kcoyeo3@1688.com,868,Skyvu,24
869,Lenee,Antonignetti,lantonignettio4@acquirethisname.com,869,Bluejam,4
870,Mirabel,Edmonson,medmonsono5@google.co.jp,870,Ntags,25
871,Corabel,Vatcher,cvatchero6@google.es,871,Chatterpoint,94
872,Sile,Durrell,sdurrello7@alexa.com,872,Linklinks,78
873,Fawne,Blaszkiewicz,fblaszkiewiczo8@globo.com,873,Eadel,49
874,Kariotta,Krugmann,kkrugmanno9@fc2.com,874,Flashspan,50
875,Virgil,Paal,vpaaloa@flavors.me,875,Lajo,65
876,Gerhardine,Gawkes,ggawkesob@rambler.ru,876,Edgewire,75
877,Ashlee,Suddards,asuddardsoc@huffingtonpost.com,877,Nlounge,97
878,Clovis,Escofier,cescofierod@msn.com,878,Midel,83
879,Torin,Cuseick,tcuseickoe@mysql.com,879,Mynte,58
880,Deana,Dmitriev,ddmitrievof@cisco.com,880,Innotype,64
881,Brod,Kleinmann,bkleinmannog@google.com.au,881,Trunyx,98
882,Kiersten,Sirl,ksirloh@printfriendly.com,882,Livepath,98
883,Foss,Duck,fduckoi@amazon.co.jp,883,Zoonoodle,19
884,Charita,Glasscoo,cglasscoooj@discuz.net,884,Gevee,25
885,Lara,Carren,lcarrenok@macromedia.com,885,Youopia,3
886,Odella,Lamprey,olampreyol@cdbaby.com,886,Realcube,42
887,Tricia,Durban,tdurbanom@mozilla.org,887,Topiclounge,100
888,Torrey,Aslett,tasletton@google.com.au,888,Zoonder,87
889,Carlyn,Lashmar,clashmaroo@trellian.com,889,Chatterbridge,35
890,Sauncho,Michal,smichalop@addtoany.com,890,Fivespan,68
891,Oriana,Hollows,ohollowsoq@artisteer.com,891,Voolia,29
892,Cchaddie,Wildash,cwildashor@google.pl,892,Youbridge,70
893,Mareah,Showen,mshowenos@aboutads.info,893,Jayo,24
894,Vachel,Yegorov,vyegorovot@i2i.jp,894,Fadeo,36
895,Raffarty,O'Curneen,rocurneenou@imageshack.us,895,Photobug,29
896,Marielle,Keeling,mkeelingov@addtoany.com,896,Fivespan,60
897,Hannah,Varndell,hvarndellow@ehow.com,897,Janyx,90
898,Shae,Vezey,svezeyox@phoca.cz,898,Vimbo,38
899,Ami,Iacobetto,aiacobettooy@stanford.edu,899,Edgepulse,34
900,Liuka,Albutt,lalbuttoz@livejournal.com,900,Twinte,70
901,Anthony,Scotting,ascottingp0@deliciousdays.com,901,Cogidoo,53
902,Jen,Lapsley,jlapsleyp1@youku.com,902,Fivebridge,15
903,Retha,Vasilov,rvasilovp2@photobucket.com,903,Skynoodle,57
904,Gradey,Carty,gcartyp3@exblog.jp,904,Youbridge,7
905,Emilie,Stanesby,estanesbyp4@addtoany.com,905,Yakidoo,5
906,Cairistiona,Iacovuzzi,ciacovuzzip5@columbia.edu,906,Lazz,98
907,Keelby,Roskilly,kroskillyp6@creativecommons.org,907,Agivu,34
908,Corrianne,Castanos,ccastanosp7@slideshare.net,908,Photofeed,92
909,Viki,Wadsworth,vwadsworthp8@cornell.edu,909,Dabvine,11
910,Rycca,Wainscoat,rwainscoatp9@addtoany.com,910,Divape,80
911,Dill,Gilby,dgilbypa@typepad.com,911,Tekfly,74
912,Maddy,Pinnick,mpinnickpb@parallels.com,912,Zava,90
913,Cullan,Abotson,cabotsonpc@census.gov,913,Thoughtblab,81
914,Cassy,Posnette,cposnettepd@house.gov,914,Jetpulse,43
915,Sidonnie,Gooble,sgooblepe@live.com,915,Youfeed,13
916,Jareb,Phillput,jphillputpf@linkedin.com,916,Rooxo,40
917,Hubie,Micheau,hmicheaupg@technorati.com,917,Twinte,12
918,Laney,Buckston,lbuckstonph@csmonitor.com,918,Twitterlist,58
919,Jeniece,Clubb,jclubbpi@typepad.com,919,Pixonyx,99
920,Noak,Gilbane,ngilbanepj@ehow.com,920,Mita,28
921,Thorn,Dwelly,tdwellypk@washingtonpost.com,921,Oozz,15
922,Derward,Yakebowitch,dyakebowitchpl@state.gov,922,Skinix,89
923,Deina,Shade,dshadepm@si.edu,923,Jaxworks,73
924,Sibyl,Mc Combe,smccombepn@yale.edu,924,Reallinks,6
925,Giselle,Torritti,gtorrittipo@4shared.com,925,Wordpedia,86
926,Emile,Jellman,ejellmanpp@xing.com,926,Devbug,51
927,Brnaby,Simion,bsimionpq@etsy.com,927,Quimm,72
928,Brunhilde,Benedtti,bbenedttipr@hud.gov,928,Latz,71
929,Rosamond,Elsegood,relsegoodps@biglobe.ne.jp,929,Meevee,50
930,Carmencita,Aldwick,caldwickpt@npr.org,930,Pixope,10
931,Michael,Hryncewicz,mhryncewiczpu@weibo.com,931,Bubblebox,51
932,Maurizia,Cake,mcakepv@cnet.com,932,Skajo,86
933,Lucilia,Hart,lhartpw@networkadvertising.org,933,Cogilith,24
934,Darb,Romney,dromneypx@ibm.com,934,Realcube,69
935,Clo,Bolzmann,cbolzmannpy@google.cn,935,Skidoo,98
936,Devlin,Rase,drasepz@answers.com,936,Cogilith,62
937,Helen-elizabeth,Feckey,hfeckeyq0@bbb.org,937,Aimbo,23
938,Bing,Skirrow,bskirrowq1@hud.gov,938,Vinder,67
939,Ara,Garfitt,agarfittq2@facebook.com,939,Skimia,28
940,Tiena,Mew,tmewq3@yellowbook.com,940,Dabjam,96
941,Kerry,Motten,kmottenq4@psu.edu,941,Zooveo,51
942,Carroll,Adrienne,cadrienneq5@aboutads.info,942,Yamia,61
943,Claudina,Ruusa,cruusaq6@soundcloud.com,943,Mydo,52
944,Kaia,Peters,kpetersq7@nyu.edu,944,Thoughtstorm,99
945,Bancroft,Soigne,bsoigneq8@flickr.com,945,Aimbo,53
946,Torie,Box,tboxq9@github.com,946,Meetz,51
947,Carl,Klawi,cklawiqa@imageshack.us,947,Dabvine,94
948,Jesselyn,Castard,jcastardqb@cmu.edu,948,Browsedrive,51
949,Rose,Stockbridge,rstockbridgeqc@cam.ac.uk,949,Pixonyx,41
950,Abran,Usmar,ausmarqd@deliciousdays.com,950,Skibox,74
951,Rozina,Harryman,rharrymanqe@flavors.me,951,Abata,48
952,Flss,Milnthorpe,fmilnthorpeqf@posterous.com,952,Riffpath,15
953,Starlene,Wragge,swraggeqg@yahoo.co.jp,953,Mynte,59
954,Kaitlin,Kalvin,kkalvinqh@gnu.org,954,Topicstorm,24
955,Barbie,Pennigar,bpennigarqi@desdev.cn,955,Oyoba,49
956,Fiann,Gobel,fgobelqj@godaddy.com,956,Ailane,61
957,Lucienne,Witnall,lwitnallqk@icq.com,957,Skynoodle,69
958,Mario,Dicks,mdicksql@boston.com,958,Bubblemix,89
959,Pavlov,Alcido,palcidoqm@opensource.org,959,Kazio,53
960,Delly,Methingam,dmethingamqn@github.com,960,Yodel,60
961,Juditha,McCart,jmccartqo@cyberchimps.com,961,Zoozzy,78
962,Tessy,Cunde,tcundeqp@statcounter.com,962,Oba,86
963,Micky,Sedgefield,msedgefieldqq@europa.eu,963,Oyoloo,13
964,Bailie,Sibbert,bsibbertqr@sciencedaily.com,964,Quimm,19
965,Risa,Ritelli,rritelliqs@51.la,965,Youspan,53
966,Gianna,Witten,gwittenqt@paypal.com,966,Kayveo,45
967,Faith,Pusill,fpusillqu@barnesandnoble.com,967,Dabtype,94
968,Ware,Derington,wderingtonqv@merriam-webster.com,968,Tavu,43
969,Galina,Skotcher,gskotcherqw@unc.edu,969,Yata,79
970,Tory,Goodlad,tgoodladqx@seattletimes.com,970,Bubblemix,62
971,Conn,Kildahl,ckildahlqy@woothemes.com,971,Mynte,6
972,Jamill,Ingleston,jinglestonqz@nba.com,972,JumpXS,71
973,Cristian,Finding,cfindingr0@state.gov,973,Skyble,32
974,Peta,Fennelow,pfennelowr1@archive.org,974,Leenti,33
975,Boot,Henriquet,bhenriquetr2@hexun.com,975,Oyoloo,21
976,Alane,Pherps,apherpsr3@narod.ru,976,Zoonder,3
977,Ransell,Hoble,rhobler4@webs.com,977,Oodoo,10
978,Rachelle,Casperri,rcasperrir5@nsw.gov.au,978,Feednation,31
979,Sheryl,Stenner,sstennerr6@issuu.com,979,Quimm,21
980,Mitchell,McCrae,mmccraer7@digg.com,980,Fivebridge,9
981,Del,Bossom,dbossomr8@skype.com,981,Skyndu,33
982,Caz,Minocchi,cminocchir9@jimdo.com,982,Linklinks,24
983,Lauren,Brewis,lbrewisra@msn.com,983,Fanoodle,60
984,Constancia,Coughan,ccoughanrb@stumbleupon.com,984,LiveZ,43
985,Shaun,Puddle,spuddlerc@youku.com,985,Teklist,38
986,Den,Feeham,dfeehamrd@1und1.de,986,Realfire,76
987,Concordia,Saward,csawardre@networkadvertising.org,987,Muxo,67
988,Aindrea,Rogers,arogersrf@umn.edu,988,Abata,87
989,Vevay,Kirwin,vkirwinrg@ning.com,989,Brainlounge,33
990,Alec,Randalston,arandalstonrh@domainmarket.com,990,Blogspan,90
991,Vally,Byllam,vbyllamri@artisteer.com,991,Fatz,73
992,Alden,Fanthom,afanthomrj@virginia.edu,992,Babbleset,58
993,Sibilla,Westley,swestleyrk@guardian.co.uk,993,Meevee,53
994,Papageno,Housiaux,phousiauxrl@wikimedia.org,994,Gigaclub,7
995,Gwenore,Bertrand,gbertrandrm@apple.com,995,Snaptags,89
996,Terza,Sokill,tsokillrn@issuu.com,996,Meevee,72
997,Knox,Tax,ktaxro@washington.edu,997,Brainverse,13
998,Melita,Crummey,mcrummeyrp@timesonline.co.uk,998,Trilith,46
999,Esmaria,Lohan,elohanrq@statcounter.com,999,Snaptags,37
1000,Fayre,Duthy,fduthyrr@cnn.com,1000,Yamia,95
